family,cell,n,wins_up,wr_up,p,wilson_lo,wilson_hi,p_side,q_bh
F1_hist1,0,52567,26759,0.5090455989499115,3.418913633653355e-05,0.5047714495003706,0.5133184263900699,1.7094568168266774e-05,0.00014557954827169124
F1_hist1,1,52553,25794,0.4908187924571385,2.6081663249292205e-05,0.48654542709483634,0.4950935000053796,1.3040831624646102e-05,0.00011871653616919211
F1_hist2,0,25808,13292,0.5150340979541228,1.4032785845444707e-06,0.5089348042117808,0.521128916619359,7.016392922722353e-07,1.0290709619992785e-05
F1_hist2,1,26759,13467,0.5032699278747337,0.2874698110529312,0.4972791294690751,0.5092597875344166,0.1437349055264656,0.2519624672887922
F1_hist2,2,26759,13365,0.49945812623790126,0.864091915597247,0.4934677504164105,0.5054486576230108,0.4320459577986235,0.46284986406767753
F1_hist2,3,25794,12429,0.4818562456385206,5.8025289755765845e-09,0.47576149660741096,0.48795639830361137,2.9012644877882922e-09,8.510375830845656e-08
F1_hist3,0,12516,6550,0.5233301374240972,1.8673026208860727e-07,0.5145740774314572,0.5320718801340124,9.336513104430364e-08,1.7605996139782971e-06
F1_hist3,1,13292,6742,0.5072223894071622,0.09758085374733327,0.4987221826184666,0.5157184226306213,0.04879042687366664,0.12471425459126471
F1_hist3,2,13394,6707,0.5007466029565477,0.8695967143089699,0.49227980584238396,0.50921297191967,0.43479835715448495,0.46284986406767753
F1_hist3,3,13365,6760,0.5057987280209503,0.18282581054106498,0.4973218611199074,0.5142722623380295,0.09141290527053249,0.18445766321097426
F1_hist3,4,13292,6734,0.5066205236232321,0.12903672666927374,0.49812034914018627,0.5151168723381442,0.06451836333463687,0.14683489586503562
F1_hist3,5,13467,6631,0.49238880225736986,0.07876026287573451,0.48394833026755624,0.5008336153534212,0.039380131437867255,0.10717891442883459
F1_hist3,6,13365,6569,0.4915076692854471,0.05059112709996793,0.483035561409312,0.49998465778454854,0.025295563549983965,0.07180676104511577
F1_hist3,7,12429,5860,0.47147799501166626,2.121432227196892e-10,0.46271208647743806,0.4802615294656783,1.060716113598446e-10,4.6671508998331625e-09
F1_hist4,0,5966,3089,0.5177673483070734,0.006295191756144992,0.5050802579592963,0.5304315720363268,0.003147595878072496,0.012983832997049045
F1_hist4,1,6550,3461,0.5283969465648855,4.534220379431979e-06,0.5162944578974042,0.5404661449221695,2.2671101897159896e-06,2.4938212086875887e-05
F1_hist4,2,6687,3464,0.5180200388814117,0.0033333926134089167,0.5060366746676577,0.5299827103974439,0.0016666963067044583,0.008302034433395791
F1_hist4,3,6605,3278,0.4962906888720666,0.5547813427240699,0.4842382823344518,0.5083474077205193,0.27739067136203494,0.35722505970525475
F1_hist4,4,6558,3318,0.505946935041171,0.34168888821188176,0.49384631914702715,0.5180405877237512,0.17084444410594088,0.2784131681726444
F1_hist4,5,6836,3389,0.4957577530719719,0.4905718126724681,0.48391097938076244,0.5076092920828339,0.24528590633623404,0.3327083681758527
F1_hist4,6,6796,3408,0.5014714537963508,0.8177234923695119,0.48958628988105046,0.5133549551032445,0.40886174618475596,0.45737076691854056
F1_hist4,7,6569,3352,0.5102755366113564,0.0982597157385722,0.4981842203444895,0.5223548414822856,0.0491298578692861,0.12471425459126471
F1_hist4,8,6550,3334,0.5090076335877862,0.14826785384124969,0.4968989460427377,0.521105761303256,0.07413392692062484,0.16174674964499966
F1_hist4,9,6742,3400,0.5043013942450312,0.4875637184978383,0.49236752991126204,0.516230359490707,0.24378185924891915,0.3327083681758527
F1_hist4,10,6707,3408,0.5081258386760101,0.18725157052297406,0.49615983551638176,0.5200825386144575,0.09362578526148703,0.18445766321097426
F1_hist4,11,6760,3223,0.47677514792899406,0.00014036201204805268,0.46488522426495243,0.48869145322554336,7.018100602402634e-05,0.0004875733050090251
F1_hist4,12,6734,3372,0.5007425007425007,0.9126685300075487,0.48880315310015765,0.5126810017069247,0.45633426500377433,0.46876360296107555
F1_hist4,13,6631,3197,0.48212939224852963,0.0037503542788119735,0.4701161707265944,0.49416330807814435,0.0018751771394059868,0.009167532681540379
F1_hist4,14,6568,3135,0.4773142509135201,0.0002470578718014202,0.4652511723038338,0.489403851639531,0.0001235289359007101,0.0008361958737894221
F1_hist4,15,5861,2725,0.46493772393789456,8.434097998742697e-08,0.4521954738580975,0.477725907138791,4.2170489993713484e-08,9.277507798616966e-07
F1_hist5,0,2877,1465,0.5092109836635385,0.3323126606636644,0.4909432409139393,0.5274541607342458,0.1661563303318322,0.27245510066834594
F1_hist5,1,3089,1624,0.5257364842991259,0.004464123958942452,0.5081061706318966,0.5433028637008024,0.002232061979471226,0.010172609539563312
F1_hist5,2,3223,1709,0.5302513186472231,0.000630474457794283,0.5129949585166456,0.5474356495429504,0.0003152372288971415,0.0018914233733828489
F1_hist5,3,3327,1752,0.5266005410279531,0.002273635075061295,0.5096134354098553,0.5435262875958858,0.0011368175375306474,0.006002396598161819
F1_hist5,4,3240,1682,0.5191358024691358,0.030688096933437912,0.5019190842462065,0.5363071965931538,0.015344048466718956,0.05127631386346588
F1_hist5,5,3447,1782,0.5169712793733682,0.048164619117273814,0.5002793950559776,0.5336253776232436,0.024082309558636907,0.07143516543236116
F1_hist5,6,3388,1717,0.5067886658795749,0.4394623186917994,0.48995546434998005,0.5236064897224034,0.2197311593458997,0.3240485788063355
F1_hist5,7,3217,1561,0.48523469070562636,0.09744276408303104,0.4679918495035152,0.5025127540137767,0.04872138204151552,0.12471425459126471
F1_hist5,8,3216,1637,0.5090174129353234,0.31484014952219774,0.4917388042684456,0.5262745042123197,0.15742007476109887,0.26470636775114714
F1_hist5,9,3342,1681,0.5029922202274087,0.7424162022665173,0.48604674789862545,0.5199308213921623,0.37120810113325864,0.4394571242115708
F1_hist5,10,3299,1688,0.511670203091846,0.1857636323253995,0.49460899921338863,0.5287042592849904,0.09288181616269975,0.18445766321097426
F1_hist5,11,3537,1701,0.48091603053435117,0.024236976742835134,0.46447951071105553,0.4973939602739218,0.012118488371417567,0.04265707906738983
F1_hist5,12,3362,1703,0.5065437239738251,0.4583348662277387,0.48964577167896944,0.5234267389228368,0.22916743311386936,0.3240485788063355
F1_hist5,13,3434,1705,0.4965055329062318,0.6947027584619696,0.4797957398282996,0.5132231357359498,0.3473513792309848,0.42258416643769575
F1_hist5,14,3433,1760,0.5126711331197203,0.14215228096104912,0.4959457953601152,0.5293681440428528,0.07107614048052456,0.15636750905715405
F1_hist5,15,3136,1592,0.5076530612244898,0.4013127020616903,0.49015645289284654,0.5251309424967807,0.20065635103084514,0.3073844891684037
F1_hist5,16,3089,1564,0.5063127225639366,0.4941618218038738,0.48868460733979413,0.523925155798415,0.2470809109019369,0.3327083681758527
F1_hist5,17,3461,1770,0.5114128864490032,0.18488197097272813,0.4947557099976205,0.5280447551087787,0.09244098548636406,0.18445766321097426
F1_hist5,18,3464,1783,0.5147228637413395,0.08613639262536008,0.49807210969871724,0.5313409984432463,0.04306819631268004,0.11490586752692755
F1_hist5,19,3278,1617,0.49328859060402686,0.45263264708942613,0.4761912455546595,0.5104016478988211,0.22631632354471307,0.3240485788063355
F1_hist5,20,3318,1716,0.5171790235081374,0.04977704047769526,0.5001657508957199,0.5341525621749573,0.02488852023884763,0.07180676104511577
F1_hist5,21,3389,1692,0.49926231926822073,0.9452212609889733,0.4824385907967884,0.5160877182416294,0.47261063049448665,0.4798815632713249
F1_hist5,22,3408,1662,0.4876760563380282,0.1550837160227883,0.4709173541139737,0.5044625111177535,0.07754185801139415,0.16597799747924546
F1_hist5,23,3352,1561,0.46569212410501193,7.596703991743326e-05,0.44885414527223483,0.48260865082636545,3.798351995871663e-05,0.0002710175478135457
F1_hist5,24,3334,1676,0.5026994601079784,0.7684427373245654,0.4857339691892185,0.5196587372831317,0.3842213686622827,0.4444734271341628
F1_hist5,25,3400,1696,0.4988235294117647,0.9044466228173095,0.48202752913594576,0.5156221852338417,0.45222331140865474,0.46876360296107555
F1_hist5,26,3408,1702,0.4994131455399061,0.9590164268755696,0.48263614795116205,0.5161914646789203,0.4795082134377848,0.4850198020979893
F1_hist5,27,3223,1495,0.46385355259075395,4.346929210186901e-05,0.44668975948869694,0.48110341139393953,2.1734646050934506e-05,0.00016876313404255028
F1_hist5,28,3372,1624,0.4816132858837485,0.03414500500967424,0.464778713399058,0.4984897053561346,0.01707250250483712,0.05496513001557317
F1_hist5,29,3196,1511,0.4727784730913642,0.002207331275467201,0.4555122727836837,0.49011003552057736,0.0011036656377336005,0.005946280170646337
F1_hist5,30,3135,1449,0.46220095693779906,2.4774951552899257e-05,0.44480513653103565,0.4796893011621565,1.2387475776449629e-05,0.00011679620017795364
F1_hist5,31,2726,1276,0.46808510638297873,0.0009181266722062574,0.44941147411891647,0.4868485638261424,0.0004590633361031287,0.0026610652010048675
F1_hist6,0,1412,736,0.5212464589235127,0.1163540857434734,0.4951676085206572,0.5472100133828098,0.0581770428717367,0.13713160105480796
F1_hist6,1,1465,729,0.4976109215017065,0.8754416616517509,0.47204699790625354,0.5231873418619011,0.43772083082587543,0.46408955557442216
F1_hist6,2,1514,812,0.5363276089828269,0.005072659133350917,0.5111476411010807,0.5613236892406361,0.0025363295666754587,0.011159850093372019
F1_hist6,3,1575,812,0.5155555555555555,0.2264647089641293,0.49086599738355674,0.5401694149085947,0.11323235448206465,0.21200951477492955
F1_hist6,4,1558,842,0.540436456996149,0.0015329413446732044,0.5156205410948178,0.5650534529901139,0.0007664706723366022,0.00430528207440134
F1_hist6,5,1665,867,0.5207207207207207,0.09558705633453246,0.49670423148786436,0.5446418135771677,0.04779352816726623,0.12471425459126471
F1_hist6,6,1671,865,0.5176540993417116,0.15591872490474573,0.49368215955494515,0.5415450523796044,0.07795936245237287,0.16597799747924546
F1_hist6,7,1656,887,0.5356280193236715,0.00402531197733212,0.5115522617741208,0.5595388592099539,0.00201265598866606,0.009660748745597086
F1_hist6,8,1579,829,0.5250158328055732,0.049620616453564755,0.5003534575155403,0.5495567798701843,0.024810308226782377,0.07180676104511577
F1_hist6,9,1661,853,0.5135460565924143,0.2803108440572694,0.48950544146970687,0.5375241570218254,0.1401554220286347,0.25000696902405106
F1_hist6,10,1611,833,0.5170701427684667,0.17848334249075967,0.4926565632211108,0.5414025048633379,0.08924167124537984,0.1840609469435959
F1_hist6,11,1836,949,0.5168845315904139,0.15453784841162393,0.49401492882165216,0.5396836243581433,0.07726892420581197,0.16597799747924546
F1_hist6,12,1659,858,0.5171790235081374,0.16914955517917826,0.4931208985994776,0.5411577723214326,0.08457477758958913,0.17720429590199627
F1_hist6,13,1729,859,0.496818970503181,0.8099565346240397,0.4732843198230486,0.5203677254648761,0.40497826731201986,0.456898557993048
F1_hist6,14,1673,833,0.497907949790795,0.883381621583684,0.47398089312405633,0.5218445921215389,0.441690810791842,0.4664254961961852
F1_hist6,15,1544,728,0.47150259067357514,0.026790384257836405,0.44670433458232245,0.49644230264463945,0.013395192128918203,0.04592637301343384
F1_hist6,16,1525,776,0.5088524590163934,0.5055571729426517,0.4837704541075242,0.5338899758546117,0.25277858647132584,0.33703811529510114
F1_hist6,17,1691,861,0.5091661738616203,0.4656813596775928,0.48534475423758694,0.5329460406071939,0.2328406798387964,0.3256855675613936
F1_hist6,18,1681,846,0.5032718619869125,0.8073151956902851,0.47938973828994097,0.5271390653673286,0.40365759784514255,0.456898557993048
F1_hist6,19,1661,835,0.5027092113184829,0.8443881306915223,0.47868515811558227,0.5267207615827243,0.42219406534576115,0.4586799722274936
F1_hist6,20,1602,833,0.5199750312109863,0.11545565696161697,0.4954913248481545,0.544363166404283,0.057727828480808485,0.13713160105480796
F1_hist6,21,1697,855,0.5038302887448438,0.7708319897721946,0.48005972312310574,0.5275835518297175,0.3854159948860973,0.4444734271341628
F1_hist6,22,1746,835,0.4782359679266896,0.07264003173531068,0.4548783633676496,0.5016891339418212,0.03632001586765534,0.09988004363605218
F1_hist6,23,1791,866,0.4835287548855388,0.1705122692585146,0.46044454637615406,0.5066834720517674,0.0852561346292573,0.17722535072538526
F1_hist6,24,1658,846,0.5102533172496985,0.4176945206044911,0.48619483580178324,0.5342643944882758,0.20884726030224554,0.31150099841690865
F1_hist6,25,1704,857,0.5029342723004695,0.827416997385244,0.4792142177721833,0.526641126189458,0.413708498692622,0.4586799722274936
F1_hist6,26,1706,837,0.4906213364595545,0.4529409290848939,0.46694657976727644,0.5143382363232899,0.22647046454244696,0.3240485788063355
F1_hist6,27,1728,868,0.5023148148148148,0.8662796753342661,0.4787609577683351,0.5258584023394253,0.43313983766713304,0.46284986406767753
F1_hist6,28,1748,900,0.5148741418764302,0.22251841698509,0.49143770023452593,0.5382453487351982,0.111259208492545,0.20980307887165628
F1_hist6,29,1685,860,0.5103857566765578,0.4075173151853837,0.4865203827680637,0.5342038817218682,0.20375865759269185,0.3073844891684037
F1_hist6,30,1686,850,0.5041518386714117,0.7515558081074766,0.4803033943600348,0.5279814058247874,0.3757779040537383,0.44091274075638626
F1_hist6,31,1450,742,0.5117241379310344,0.3861557276404113,0.48599817024279535,0.5373881463958261,0.19307786382020564,0.2998385649913782
F1_hist6,32,1465,749,0.5112627986348123,0.4031360295205099,0.4856693499730941,0.5367973339770337,0.20156801476025496,0.3073844891684037
F1_hist6,33,1624,815,0.5018472906403941,0.9012625094669969,0.47755351659814044,0.5261323457118042,0.45063125473349847,0.46876360296107555
F1_hist6,34,1709,871,0.5096547688706846,0.43889972084351175,0.48595829546575314,0.5333079344062912,0.21944986042175588,0.3240485788063355
F1_hist6,35,1752,899,0.5131278538812786,0.28233017505802005,0.4897196975688512,0.5364785654179695,0.14116508752901002,0.25011800743395063
F1_hist6,36,1682,865,0.514268727705113,0.25178753996254155,0.49037782027215493,0.5380946056070024,0.12589376998127078,0.23080524496566313
F1_hist6,37,1782,918,0.5151515151515151,0.20927948216164208,0.4919393430095443,0.5382985011531182,0.10463974108082104,0.20164154485647265
F1_hist6,38,1717,866,0.5043680838672102,0.7354760673936419,0.4807351127575062,0.5279815523905236,0.36773803369682095,0.43731009412594923
F1_hist6,39,1561,751,0.48110185778347214,0.14207919386972925,0.45639220930826485,0.5059042940566763,0.07103959693486463,0.15636750905715405
F1_hist6,40,1637,830,0.5070250458155162,0.5866277556065665,0.4828178126668637,0.5311993843617832,0.2933138778032833,0.3722829987503211
F1_hist6,41,1681,886,0.5270672218917312,0.02812503804291406,0.5031652618235914,0.5508457502501846,0.01406251902145703,0.04759621822646995
F1_hist6,42,1688,848,0.5023696682464455,0.8647198242571873,0.4785388239528353,0.5261897511099837,0.43235991212859365,0.46284986406767753
F1_hist6,43,1701,844,0.49617871840094063,0.7710940516191158,0.4724533036343975,0.5199213545156618,0.3855470258095579,0.4444734271341628
F1_hist6,44,1703,828,0.48620082207868465,0.2649815912768714,0.4625200877325859,0.5099436722320176,0.1324907956384357,0.2395723975927878
F1_hist6,45,1705,834,0.48914956011730204,0.3832974120239544,0.4654726008775992,0.5128753045104719,0.1916487060119772,0.2998385649913782
F1_hist6,46,1760,820,0.4659090909090909,0.004546848203289662,0.4427031417277603,0.489263538273437,0.002273424101644831,0.010172609539563312
F1_hist6,47,1592,741,0.46545226130653267,0.00628053439454696,0.44106201529879396,0.490008837848536,0.00314026719727348,0.012983832997049045
F1_hist6,48,1564,796,0.5089514066496164,0.49479333889153776,0.48418344290365756,0.5336755040715981,0.24739666944576888,0.3327083681758527
F1_hist6,49,1770,880,0.4971751412429379,0.8306152213570842,0.47391311509627015,0.5204494029549472,0.4153076106785421,0.4586799722274936
F1_hist6,50,1783,908,0.5092540661805945,0.4485591791839564,0.48605441709815783,0.5324139239120359,0.2242795895919782,0.3240485788063355
F1_hist6,51,1617,788,0.4873222016079159,0.3198681432693579,0.4630180834338585,0.5116864157596471,0.15993407163467896,0.2672316133642737
F1_hist6,52,1716,866,0.5046620046620046,0.7172861822762762,0.48102162966696543,0.5282815526726174,0.3586430911381381,0.4284243260654681
F1_hist6,53,1692,836,0.4940898345153664,0.6441617179853085,0.47030726668653344,0.5178991790098098,0.32208085899265426,0.4029826861329892
F1_hist6,54,1662,759,0.4566787003610108,0.0004486497825205227,0.43285774578997077,0.48069946156996063,0.00022432489126026134,0.0014100421736359284
F1_hist6,55,1561,736,0.4714926329276105,0.02589490326601253,0.446829115821007,0.49629611806848056,0.012947451633006264,0.04497535830412702
F1_hist6,56,1676,795,0.4743436754176611,0.037838222797572395,0.4505230963112762,0.49828160051251946,0.018919111398786197,0.059460064396185196
F1_hist6,57,1696,829,0.48879716981132076,0.36895588213011843,0.46505884286056653,0.5125861330007137,0.18447794106505921,0.29162979904895586
F1_hist6,58,1702,793,0.46592244418331374,0.005296158339011699,0.44232647748447906,0.48967189798015964,0.0026480791695058497,0.011460539356549906
F1_hist6,59,1494,718,0.48058902275769744,0.14027099749661837,0.4553361312730818,0.5059414831288681,0.07013549874830918,0.15636750905715405
F1_hist6,60,1624,731,0.4501231527093596,6.381900770888092e-05,0.42607214476267535,0.4744095728688191,3.190950385444046e-05,0.0002340030282658967
F1_hist6,61,1511,718,0.4751819986763733,0.056912793952972746,0.45009666320418684,0.5003932097963961,0.028456396976486373,0.0790788294925516
F1_hist6,62,1449,684,0.4720496894409938,0.03554967476865533,0.44645281226894384,0.4977943788907806,0.017774837384327665,0.05653683216219883
F1_hist6,63,1277,592,0.4635865309318716,0.010011143960561707,0.43638540714089763,0.4910060829543648,0.005005571980280853,0.019151753663683265
F2_streak,0,422,196,0.46445497630331756,0.15795750177233644,0.4174047188182123,0.5121465509497015,0.07897875088616822,0.16680312187158727
F2_streak,1,413,208,0.5036319612590799,0.9216195718037075,0.455599820031844,0.5515971583887359,0.46080978590185373,0.471526292550734
F2_streak,2,860,420,0.4883720930232558,0.5170767404493701,0.45508944765284637,0.5217581595936673,0.25853837022468507,0.34298557657948164
F2_streak,3,1690,879,0.5201183431952663,0.10311790317109068,0.49628029436403365,0.5438651359997029,0.05155895158554534,0.12963393541508542
F2_streak,4,3303,1677,0.5077202543142597,0.38430719557218174,0.49067136119951027,0.5247512099934976,0.19215359778609087,0.2998385649913782
F2_streak,5,6855,3417,0.4984682713347921,0.8091227262594386,0.4866360260429224,0.5103022324525064,0.4045613631297193,0.456898557993048
F2_streak,6,13318,6541,0.49113981078239977,0.041713112877243844,0.4826529898619729,0.4996317417024678,0.020856556438621922,0.06402477790460682
F2_streak,7,26657,13494,0.5062085005814608,0.043257523161456424,0.500206163199526,0.5122090487793787,0.021628761580728212,0.06563210410703733
F2_streak,10,26657,13311,0.4993435120231084,0.8350386473472841,0.4933417063563137,0.5053455068785453,0.41751932367364203,0.4586799722274936
F2_streak,11,13118,6596,0.5028205519134015,0.5238878879989604,0.4942646915234013,0.5113747607924994,0.2619439439994802,0.3440457771933471
F2_streak,12,6224,3073,0.49373393316195374,0.32905796197710446,0.48132061164036355,0.5061549850414788,0.16452898098855223,0.27147281863111117
F2_streak,13,2914,1413,0.48490048043925876,0.10701906604120878,0.4667862039512826,0.5030545166690554,0.05350953302060439,0.13187050059759411
F2_streak,14,1420,687,0.4838028169014085,0.23239746880194265,0.4578887190972679,0.5098043164201661,0.11619873440097132,0.21467235640924262
F2_streak,15,673,340,0.5052005943536404,0.8171160546296798,0.4675042363690335,0.5428379175411281,0.4085580273148399,0.45737076691854056
F2_streak,16,595,301,0.5058823529411764,0.8057259160305673,0.46580036122017854,0.5458888734622483,0.40286295801528366,0.456898557993048
F3_rsi,0,37,14,0.3783783783783784,0.18774155899882317,0.2406378746389103,0.5389985744718004,0.09387077949941158,0.18445766321097426
F3_rsi,1,540,270,0.5,1.0,0.45797672810066214,0.5420232718993379,0.5171597961273713,0.5171597961273713
F3_rsi,2,3571,1911,0.5351442173060768,2.8495893978195837e-05,0.5187562394357752,0.5514566617456367,1.4247946989097918e-05,0.0001253819335040617
F3_rsi,3,15564,8177,0.5253790799280391,2.521214808452005e-10,0.5175285598948404,0.53321707461881,1.2606074042260026e-10,4.754290781652352e-09
F3_rsi,4,66089,33214,0.5025647233276339,0.18858444134050203,0.498752659760427,0.5063764887493566,0.09429222067025102,0.18445766321097426
F3_rsi,5,15397,7178,0.46619471325582906,5.093244777558227e-17,0.45832436156484974,0.4740819297900331,2.5466223887791135e-17,6.7230831063768595e-15
F3_rsi,6,3414,1551,0.45430579964850615,1.0027744878009449e-07,0.43766429076187363,0.471050027654755,5.0138724390047245e-08,1.0182017876132672e-06
F3_rsi,7,492,228,0.4634146341463415,0.11449207788047223,0.41980481477867215,0.5075913536751243,0.05724603894023612,0.13713160105480796
F3_rsi,8,16,10,0.625,0.454498291015625,0.3864064709793481,0.815190174452472,0.2272491455078125,0.3240485788063355
F4_shape,0,7308,3746,0.5125889436234263,0.032292767364304004,0.5011252200154925,0.5240394389125673,0.016146383682152002,0.05269618290046318
F4_shape,1,16217,8100,0.4994758586668311,0.9000158449650085,0.4917813279234848,0.5071706376761298,0.45000792248250426,0.46876360296107555
F4_shape,2,7473,3605,0.4824033186136759,0.00243702874104402,0.4710858004438679,0.4937389191275619,0.00121851437052201,0.006307603800349229
F4_shape,4,8634,4487,0.5196895992587445,0.0002635090921673053,0.5091445792755475,0.5302171057083495,0.00013175454608365265,0.0008695800041521075
F4_shape,5,18331,9140,0.4986089138617642,0.711906715841453,0.4913717513683141,0.5058466592886941,0.3559533579207265,0.42714402950487185
F4_shape,6,8439,4004,0.47446379902832087,2.8436902985071056e-06,0.4638238178408293,0.48512701880639614,1.4218451492535528e-06,1.7062141791042632e-05
F4_shape,8,17810,9180,0.5154407636159462,3.8872631218611204e-05,0.5080983787840179,0.5227764887684141,1.9436315609305602e-05,0.00015549052487444481
F4_shape,9,3334,1724,0.5170965806838632,0.05032863747143296,0.500124180448366,0.5340296272098524,0.02516431873571648,0.07180676104511577
F4_shape,10,17574,8567,0.4874815067713668,0.0009273409033804842,0.480094876787096,0.4948736085359256,0.0004636704516902421,0.0026610652010048675
F5_vol,0,17927,8993,0.5016455625592682,0.6648810024750111,0.4943266879302184,0.5089637320799612,0.33244050123750557,0.41011351554533393
F5_vol,1,38537,19391,0.5031787632664712,0.21388865545667682,0.49818665186762984,0.5081702409719908,0.10694432772833841,0.20458914869769088
F5_vol,2,31085,15412,0.4958018336818401,0.14029723515891046,0.49024448098189555,0.5013602239036028,0.07014861757945523,0.15636750905715405
F5_vol,3,17571,8757,0.4983780092197371,0.6726875160421344,0.49098608933111687,0.5057706381946664,0.3363437580210672,0.4129988470584267
F6_hour,0,4380,2137,0.48789954337899544,0.11260547813139299,0.47311321970156034,0.5027070745353481,0.056302739065696494,0.13636626709489794
F6_hour,1,4380,2134,0.4872146118721461,0.0934912616662779,0.47242939269821665,0.502022238948328,0.04674563083313895,0.12340846539948683
F6_hour,2,4380,2196,0.5013698630136987,0.8679945682943009,0.4865674594076368,0.5161698657730907,0.43399728414715044,0.46284986406767753
F6_hour,3,4380,2192,0.5004566210045662,0.963845088120381,0.4856549683462466,0.5152574733806624,0.4819225440601905,0.4856013421064515
F6_hour,4,4380,2152,0.491324200913242,0.257108376474994,0.4765327712916178,0.5061308358971089,0.128554188237497,0.234057280653098
F6_hour,5,4380,2177,0.49703196347031964,0.7056218817589033,0.482233566253017,0.5118355625220736,0.35281094087945164,0.42714402950487185
F6_hour,6,4380,2167,0.49474885844748856,0.4965420343230528,0.47995301696767595,0.5095539031728692,0.2482710171615264,0.3327083681758527
F6_hour,7,4380,2224,0.5077625570776255,0.3113626434616478,0.49295627830644323,0.5225552310510115,0.1556813217308239,0.263460698313702
F6_hour,8,4380,2165,0.4942922374429224,0.459068819975642,0.4794969441162519,0.5090975342973841,0.229534409987821,0.3240485788063355
F6_hour,9,4380,2193,0.5006849315068493,0.9397784647008408,0.48588308648647577,0.515485576103888,0.4698892323504204,0.47896045305216595
F6_hour,10,4380,2234,0.5100456621004567,0.18864988282940548,0.495238585342877,0.5248351326491235,0.09432494141470274,0.18445766321097426
F6_hour,11,4380,2183,0.49840182648401826,0.8442769679437986,0.48360204383736194,0.5132044101184561,0.4221384839718993,0.4586799722274936
F6_hour,12,4380,2183,0.49840182648401826,0.8442769679437986,0.48360204383736194,0.5132044101184561,0.4221384839718993,0.4586799722274936
F6_hour,13,4380,2214,0.5054794520547945,0.4776044181246616,0.49067427972289634,0.520275021000013,0.2388022090623308,0.33007216331128447
F6_hour,14,4380,2205,0.5034246575342466,0.6612545530688612,0.48862074467831434,0.5182225682735041,0.3306272765344306,0.4097915540145055
F6_hour,15,4380,2207,0.5038812785388128,0.6180463207610339,0.48907706421316666,0.5186786904655608,0.30902316038051697,0.3884862587640785
F6_hour,16,4380,2153,0.49155251141552514,0.27001384126661154,0.4767607660789529,0.5063590619732284,0.13500692063330577,0.24246140848430422
F6_hour,17,4380,2215,0.5057077625570776,0.459068819975642,0.49090246570261575,0.520503055883748,0.229534409987821,0.3240485788063355
F6_hour,18,4380,2224,0.5077625570776255,0.3113626434616478,0.49295627830644323,0.5225552310510115,0.1556813217308239,0.263460698313702
F6_hour,19,4380,2183,0.49840182648401826,0.8442769679437986,0.48360204383736194,0.5132044101184561,0.4221384839718993,0.4586799722274936
F6_hour,20,4380,2242,0.5118721461187214,0.11962092713808645,0.49706465310799797,0.5266588317916389,0.059810463569043223,0.1397341803736939
F6_hour,21,4380,2218,0.506392694063927,0.40594979263345565,0.49158704214597915,0.5211871420307483,0.20297489631672783,0.3073844891684037
F6_hour,22,4380,2179,0.49748858447488586,0.7510133533460662,0.4826897131137866,0.5122918573882133,0.3755066766730331,0.44091274075638626
F6_hour,23,4380,2176,0.4968036529680365,0.6833015000120775,0.48200549744796267,0.5116074104636735,0.34165075000603873,0.41757313889626957
F7_band,0,8695,4612,0.5304197814836112,1.4782448110200252e-08,0.5199184007957183,0.5408942940808041,7.391224055100126e-09,1.7738937732240302e-07
F7_band,1,21687,11213,0.5170378567805598,5.391305739220612e-07,0.5103846251013554,0.5236850534121792,2.695652869610306e-07,4.744349050514139e-06
F7_band,2,42596,21344,0.5010799136069114,0.6592734867130203,0.49633170295333084,0.5058279294899971,0.32963674335651016,0.4097915540145055
F7_band,3,23011,11142,0.48420320716179216,1.6985216409331703e-06,0.47774922341674103,0.4906624644568787,8.492608204665852e-07,1.1210242830158924e-05
F7_band,4,9131,4242,0.46457124082794876,1.349972587453806e-11,0.4543583212674444,0.47481395907072815,6.74986293726903e-12,8.909819077195119e-10
F8_wick,0,23093,11664,0.5050881219417139,0.123597430032404,0.4986392420328663,0.511535309278946,0.061798715016202,0.14311281372173093
F8_wick,1,31249,15216,0.48692758168261385,3.9061019086862774e-06,0.481387618126897,0.49247075896224424,1.9530509543431387e-06,2.2417628345503852e-05
F8_wick,2,19684,9767,0.49618979882137776,0.2882297921258153,0.4892063785161324,0.503174706061468,0.14411489606290764,0.2519624672887922
F8_wick,3,31094,15906,0.5115456358139834,4.776635164558566e-05,0.5059884281287612,0.5170999909723251,2.388317582279283e-05,0.0001801473833490659
F9_hist2xRSI,0,5110,2771,0.5422700587084148,1.6115879945406336e-09,0.5285831670791113,0.5558934424427792,8.057939972703168e-10,2.6591201909920456e-08
F9_hist2xRSI,1,20116,10225,0.5083018492742096,0.01887905677625768,0.5013922385825407,0.5152082897238055,0.00943952838812884,0.034137472526931695
F9_hist2xRSI,2,582,296,0.5085910652920962,0.7091366197677361,0.4680517686873621,0.5490176917265107,0.35456830988386806,0.42714402950487185
F9_hist2xRSI,3,2194,1164,0.5305378304466728,0.00450842962076639,0.5096194828754343,0.551349424074002,0.002254214810383195,0.010172609539563312
F9_hist2xRSI,4,22748,11436,0.5027255143309302,0.4147764913344943,0.4962280768736155,0.5092220313936643,0.20738824566724715,0.31108236850087073
F9_hist2xRSI,5,1817,867,0.4771601541001651,0.05436283711810151,0.45426601951288437,0.5001506634100015,0.027181418559050756,0.07633930318712127
F9_hist2xRSI,12,1917,982,0.5122587376108503,0.2934297517658301,0.4898804910961924,0.5345879502370232,0.14671487588291504,0.253510784277965
F9_hist2xRSI,13,22801,11456,0.5024341037673786,0.4663225171901772,0.4959442510572153,0.5089231364014198,0.2331612585950886,0.3256855675613936
F9_hist2xRSI,14,2041,927,0.4541891229789319,3.792185264150492e-05,0.4326943070445314,0.4758560667350319,1.896092632075246e-05,0.00015549052487444481
F9_hist2xRSI,15,519,267,0.5144508670520231,0.5389047207361038,0.471503562323729,0.5571858151091301,0.2694523603680519,0.3521555600849787
F9_hist2xRSI,16,20531,10017,0.4878963518581657,0.0005366708522106722,0.4810618120601644,0.49473542028858675,0.0002683354261053361,0.0016474547091118311
F9_hist2xRSI,17,4744,2145,0.452150084317032,4.645736707908377e-11,0.4380314599220978,0.4663461418917454,2.3228683539541886e-11,1.5330931136097644e-09
F10_hist2xBAND,0,9534,5047,0.5293685756240822,1.0247819529933968e-08,0.5193394425434272,0.5393740508742031,5.123909764966984e-09,1.352712177951284e-07
F10_hist2xBAND,1,13007,6642,0.5106481125547782,0.015516069427725742,0.5020553297145895,0.5192346074405902,0.007758034713862871,0.028846776964222505
F10_hist2xBAND,2,3267,1603,0.4906642179369452,0.2938420454130958,0.47354268472983224,0.5078076808763774,0.1469210227065479,0.253510784277965
F10_hist2xBAND,3,6416,3385,0.5275872817955112,1.0430532654645263e-05,0.5153583388210807,0.5397832085965377,5.215266327322632e-06,5.474116837870609e-05
F10_hist2xBAND,4,13854,6919,0.49942254944420383,0.8985932424164778,0.4910978293751442,0.5077475896690451,0.4492966212082389,0.46876360296107555
F10_hist2xBAND,5,6489,3163,0.4874402835567884,0.044310277167108315,0.47528944726881917,0.4996059821838259,0.022155138583554158,0.06646541575066246
F10_hist2xBAND,12,6058,3137,0.5178276658963354,0.00573480837009762,0.5052373213570169,0.5303954144109384,0.00286740418504881,0.012209592013756224
F10_hist2xBAND,13,13898,7025,0.5054684127212549,0.2002420176154365,0.49715569764606826,0.5137781055415613,0.10012100880771825,0.19435254650910014
F10_hist2xBAND,14,6803,3203,0.4708216963104513,1.5673998773398365e-06,0.45898012361168317,0.48269620392324863,7.836999386699182e-07,1.088930441099255e-05
F10_hist2xBAND,15,2785,1389,0.49874326750448833,0.909482803199745,0.48018778439555854,0.5173022128850329,0.4547414015998725,0.46876360296107555
F10_hist2xBAND,16,13206,6466,0.48962592760866275,0.017516182653572583,0.48110415237633586,0.49815373668116814,0.008758091326786292,0.03211300153154974
F10_hist2xBAND,17,9803,4574,0.46659185963480565,3.901144611481966e-11,0.456731011331154,0.4764788816480493,1.950572305740983e-11,1.5330931136097644e-09
F11_streakxHOURBLK,0,8942,4442,0.49675687765600535,0.5466586444290303,0.48639715897958247,0.507119381711234,0.27332932221451517,0.35372870635990256
F11_streakxHOURBLK,2,8577,4217,0.4916637518946018,0.12520264673947343,0.4810895515025285,0.502245416480099,0.06260132336973671,0.1437108640835695
F11_streakxHOURBLK,3,8815,4443,0.5040272263187748,0.45593070387861534,0.4935901411517065,0.514460802863435,0.22796535193930767,0.3240485788063355
F11_streakxHOURBLK,5,8705,4277,0.4913268236645606,0.10789404594348609,0.4808308608104471,0.501830438253713,0.053947022971743044,0.13187050059759411
F11_streakxHOURBLK,6,9030,4488,0.49700996677740866,0.5770241842866345,0.4867006824568661,0.5073217940939738,0.28851209214331724,0.3679574508494481
F11_streakxHOURBLK,8,8490,4287,0.504946996466431,0.3677001107314757,0.49431183408247215,0.515577683989068,0.18385005536573784,0.29162979904895586
F11_streakxHOURBLK,9,8971,4520,0.5038457251142571,0.472795936120742,0.49349980920412384,0.5141883487684915,0.236397968060371,0.328468755620726
F11_streakxHOURBLK,11,8549,4289,0.5016961048075799,0.7620206788341861,0.4910986985107529,0.5122919874572887,0.38101033941709306,0.4444734271341628
F11_streakxHOURBLK,12,8964,4529,0.5052431950022311,0.32596573386350264,0.4948929055403148,0.51558899235583,0.16298286693175132,0.2706130620753607
F11_streakxHOURBLK,14,8556,4246,0.4962599345488546,0.49581614257735146,0.4856695375873656,0.5068536885433609,0.24790807128867573,0.3327083681758527
F11_streakxHOURBLK,15,8796,4410,0.5013642564802183,0.80627495626305,0.4909167706559785,0.511810551163087,0.403137478131525,0.456898557993048
F11_streakxHOURBLK,17,8724,4405,0.5049289316827144,0.3628015233862029,0.49443734027727715,0.5154161841038253,0.18140076169310146,0.2910678637617123
F12_dirxVOL,0,8695,4267,0.49074180563542263,0.08617940064519566,0.48024029249113387,0.5012514960247071,0.04308970032259783,0.11490586752692755
F12_dirxVOL,2,9232,4726,0.5119150779896013,0.022645754331164045,0.5017156545790538,0.5221045893714271,0.011322877165582022,0.04039512934748181
F12_dirxVOL,3,19347,9860,0.5096397374269913,0.007483385889577472,0.5025942115514712,0.5166814358704994,0.003741692944788736,0.015197029806526558
F12_dirxVOL,5,19190,9531,0.49666492965085984,0.3592570473457163,0.489592079154629,0.5037391151592806,0.17962852367285814,0.29093208742107085
F12_dirxVOL,6,15613,7972,0.5106001409082175,0.00826376699985429,0.502757247865612,0.5184378188756681,0.004131883499927145,0.016280854387772634
F12_dirxVOL,8,15472,7440,0.4808686659772492,2.0154184431686314e-06,0.47300149133502123,0.4887453386402868,1.0077092215843157e-06,1.2668344499917113e-05
F12_dirxVOL,9,8912,4660,0.5228904847396768,1.617877998707606e-05,0.5125127527628462,0.5332484909093159,8.08938999353803e-06,7.909625771459407e-05
F12_dirxVOL,11,8659,4097,0.4731493244023559,6.116185576986345e-07,0.4626472055458873,0.4836752575128855,3.058092788493173e-07,5.045853101013735e-06
F13_hist3xBAND,0,5497,2929,0.5328360924140441,1.190405825877372e-06,0.5196283586603528,0.5459979629555979,5.95202912938686e-07,9.243151118577243e-06
F13_hist3xBAND,1,6002,3104,0.5171609463512162,0.008137322443966718,0.5045118238674193,0.5297881150453885,0.004068661221983359,0.016274644887933436
F13_hist3xBAND,2,1017,517,0.5083579154375615,0.6158877280576752,0.47765839354433454,0.5389945328254373,0.3079438640288376,0.3884862587640785
F13_hist3xBAND,3,4037,2118,0.5246470151102304,0.001828031515582377,0.509225652094596,0.5400215146342359,0.0009140157577911885,0.005027086667851537
F13_hist3xBAND,4,7005,3538,0.5050678087080657,0.4029533151274684,0.49335978200581165,0.5167702800004407,0.2014766575637342,0.3073844891684037
F13_hist3xBAND,5,2250,1086,0.4826666666666667,0.10450374295728,0.46206599805008175,0.5033264234936504,0.05225187147864,0.13013673651283925
F13_hist3xBAND,6,4032,2130,0.5282738095238095,0.0003491780748379259,0.512845354217665,0.5436484387993852,0.00017458903741896295,0.0011241830702099077
F13_hist3xBAND,7,6813,3355,0.49244092176720977,0.21654816528074425,0.4805769813921564,0.5043133819104031,0.10827408264037212,0.20564286199322476
F13_hist3xBAND,8,2549,1222,0.47940368772067476,0.03938617659536444,0.4600550320776637,0.49881433137990455,0.01969308829768222,0.0611644154186836
F13_hist3xBAND,9,2384,1255,0.5264261744966443,0.010449241342572465,0.5063566145238434,0.5464107047154227,0.0052246206712862325,0.01970428367456522
F13_hist3xBAND,10,7041,3564,0.5061780997017469,0.3054103254269084,0.4944997191129967,0.5178497423709918,0.1527051627134542,0.26178027893735006
F13_hist3xBAND,11,3940,1941,0.49263959390862944,0.36383482970214037,0.4770433603991367,0.5082501666025563,0.18191741485107019,0.2910678637617123
F13_hist3xBAND,12,3728,1956,0.5246781115879828,0.002720097265049304,0.5086300188961014,0.5406753964248491,0.001360048632524652,0.00690486228820208
F13_hist3xBAND,13,7017,3559,0.5071968077526008,0.23256171944334617,0.49549823893908695,0.5188875007990092,0.11628085972167308,0.21467235640924262
F13_hist3xBAND,14,2547,1219,0.4786022771888496,0.03233629405255695,0.4592485621199729,0.4980204427449313,0.016168147026278477,0.05269618290046318
F13_hist3xBAND,15,2330,1181,0.5068669527896996,0.5207392088934993,0.48657184142887305,0.527139457572739,0.26036960444674967,0.34368787786970956
F13_hist3xBAND,16,6881,3466,0.503705856706874,0.5466716371016676,0.4918933190200733,0.5155142588100398,0.2733358185508338,0.35372870635990256
F13_hist3xBAND,17,4256,1984,0.46616541353383456,1.0782351347320896e-05,0.451215173791784,0.48117667852497814,5.391175673660448e-06,5.474116837870609e-05
F13_hist3xBAND,18,1982,988,0.49848637739656915,0.9105813634226978,0.476497960711762,0.520480650271108,0.4552906817113489,0.46876360296107555
F13_hist3xBAND,19,7132,3541,0.49649467190129,0.5617713570063033,0.48489562895820554,0.5080974890504677,0.28088567850315166,0.35996999575161187
F13_hist3xBAND,20,4251,2040,0.4798870853916726,0.009116058740068687,0.4648934355172201,0.494917054255184,0.004558029370034343,0.01769587873072157
F13_hist3xBAND,21,803,401,0.49937733499377335,1.0,0.46487930631618574,0.533881293038136,0.5000000000000001,0.5019011406844107
F13_hist3xBAND,22,6074,2925,0.4815607507408627,0.004214963790192917,0.46901048487100977,0.4941343262737888,0.0021074818950964583,0.009935271791169018
F13_hist3xBAND,23,5552,2534,0.4564121037463977,8.80274138903965e-11,0.443344520979319,0.46953996442429646,4.401370694519825e-11,2.3239237267064677e-09
